/api/cli-commands.html /shell/cli-commands.html 301
/api/rpc.html /shell/rpc.html 301
/developer/sapling.html /active/sapling.html 301
/developer/protocol_environment.html /shell/protocol_environment.html 301
/user/glossary.html /active/glossary.html 301
/whitedoc/micheline.html /shell/micheline.html 301
/whitedoc/michelson.html /active/michelson.html 301
/whitedoc/p2p.html /shell/p2p.html 301
/whitedoc/proof_of_stake.html /active/proof_of_stake.html 301
/whitedoc/sync.html /shell/sync.html 301
/whitedoc/the_big_picture.html /shell/the_big_picture.html 301
/whitedoc/validation.html /shell/validation.html 301
/whitedoc/voting.html /active/voting.html 301
/introduction/support.html /introduction/mavryk.html 301
/introduction/test_networks.html /user/multinetwork.html 301
/user/various.html /user/exits.html 301
/user/versioning.html /introduction/versioning.html 301
